molecule_chembl_id,canonical_smiles,standard_value
CHEMBL362888,O=C(O)c1ccccc1S(=O)(=O)n1ccc2c(F)cccc21,10000.0
CHEMBL184005,O=C(O)c1ccccc1S(=O)(=O)n1ccc2cc(Br)ccc21,12000.0
CHEMBL184911,NC(=O)c1cn(S(=O)(=O)c2ccccc2C(=O)O)c2ccccc12,100000.0
CHEMBL360376,O=C(CSc1nc(O)cc(C(F)(F)F)n1)N1CCCCC1,1000.0
CHEMBL184136,COc1ccc(CSc2nc(O)cc(C(F)(F)F)n2)cc1,600.0
CHEMBL184125,O=C(CNc1nc(O)cc(C(F)(F)F)n1)N1CCCCC1,37000.0
CHEMBL182801,COc1ccc(CNc2nc(O)cc(C(F)(F)F)n2)cc1,3900.0
CHEMBL365655,Oc1cc(C(F)(F)F)nc(NCc2ccccc2)n1,33000.0
CHEMBL185561,Oc1cc(C(F)(F)F)nc(Nc2ccccc2)n1,100000.0
CHEMBL363985,Oc1cc(C(F)(F)F)nc(NCCc2ccccc2)n1,100000.0
CHEMBL184852,Oc1cc(C(F)(F)F)nc(NCc2ccc(Cl)cc2)n1,2900.0
CHEMBL363720,Oc1cc(C(F)(F)F)nc(NCc2cccc(Cl)c2)n1,33000.0
CHEMBL185924,Oc1cc(C(F)(F)F)nc(NCc2ccccc2Cl)n1,23000.0
CHEMBL183180,Oc1cc(C(F)(F)F)nc(NCc2ccc(-c3ccccc3)cc2)n1,100000.0
CHEMBL185298,Oc1cc(C(F)(F)F)nc(NCc2ccncc2)n1,100000.0
CHEMBL185467,Cc1ccc(CNc2nc(O)cc(C(F)(F)F)n2)cc1,33000.0
CHEMBL184142,CN(Cc1ccc(Cl)cc1)c1nc(O)cc(C(F)(F)F)n1,4000.0
CHEMBL185326,CN(Cc1ccccc1)c1nc(O)cc(C(F)(F)F)n1,24000.0
CHEMBL184036,Oc1cc(C(F)(F)F)nc(CCc2ccccc2)n1,100000.0
CHEMBL184038,COc1ccc(CCc2nc(O)cc(C(F)(F)F)n2)cc1,25000.0
CHEMBL185478,Cc1cc(O)nc(NCc2ccc(Cl)cc2)n1,100000.0
CHEMBL185123,CCc1cc(O)nc(NCc2ccc(Cl)cc2)n1,47000.0
CHEMBL364177,Oc1cc(-c2ccccc2)nc(NCc2ccc(Cl)cc2)n1,100000.0
CHEMBL185309,Oc1cc(-c2ccccc2F)nc(NCc2ccc(Cl)cc2)n1,100000.0
CHEMBL82293,CCCCCCCCCCCCCCCC(=O)O,930.0
CHEMBL185432,O=C(O)Cn1c2ccccc2c2ccccc21,100000.0
CHEMBL184817,O=C(O)CCn1c2ccccc2c2ccccc21,9400.0
CHEMBL185595,O=C(O)CCCn1c2ccccc2c2ccccc21,570.0
CHEMBL184795,O=C(O)CCCCn1c2ccccc2c2ccccc21,800.0
CHEMBL363032,O=C(O)c1sccc1S(=O)(=O)n1c2ccccc2c2ccccc21,1100.0
CHEMBL364141,O=C(O)c1ccccc1S(=O)(=O)n1c2ccccc2c2ccccc21,4300.0
CHEMBL183802,Cc1cn(S(=O)(=O)c2ccsc2C(=O)O)c2ccccc12,1500.0
CHEMBL361037,Cc1cccc2c1ccn2S(=O)(=O)c1ccsc1C(=O)O,7400.0
CHEMBL360007,Cc1ccc2c(ccn2S(=O)(=O)c2ccsc2C(=O)O)c1,7100.0
CHEMBL184605,Cc1ccc2ccn(S(=O)(=O)c3ccsc3C(=O)O)c2c1,1300.0
CHEMBL359763,COc1cccc2c1ccn2S(=O)(=O)c1ccsc1C(=O)O,13000.0
CHEMBL183798,COc1ccc2c(ccn2S(=O)(=O)c2ccsc2C(=O)O)c1,10000.0
CHEMBL185553,COc1ccc2ccn(S(=O)(=O)c3ccsc3C(=O)O)c2c1,2600.0
CHEMBL185362,COc1cccc2ccn(S(=O)(=O)c3ccsc3C(=O)O)c12,2600.0
CHEMBL365476,O=C(O)c1sccc1S(=O)(=O)n1ccc2cc(F)ccc21,3500.0
CHEMBL184846,O=C(O)c1sccc1S(=O)(=O)n1ccc2ccc(F)cc21,4700.0
CHEMBL181645,O=C(O)c1sccc1S(=O)(=O)n1ccc2cccc(F)c21,4500.0
CHEMBL427320,O=C(O)c1sccc1S(=O)(=O)n1ccc2cc(Br)ccc21,1300.0
CHEMBL364420,NC(=O)c1cn(S(=O)(=O)c2ccsc2C(=O)O)c2ccccc12,32000.0
CHEMBL361251,Cc1cn(S(=O)(=O)c2ccccc2C(=O)O)c2ccccc12,8500.0
CHEMBL184195,Cc1cccc2c1ccn2S(=O)(=O)c1ccccc1C(=O)O,12000.0
CHEMBL185276,Cc1ccc2c(ccn2S(=O)(=O)c2ccccc2C(=O)O)c1,30000.0
CHEMBL185617,COc1cccc2c1ccn2S(=O)(=O)c1ccccc1C(=O)O,89000.0
CHEMBL365508,COc1ccc2ccn(S(=O)(=O)c3ccccc3C(=O)O)c2c1,6100.0
CHEMBL516469,CCCn1c2c(c3cccc(C(=O)O)c31)CCCCC2,430.0
CHEMBL516023,NC(=O)c1cccc(Cn2c3c(c4cccc(C(=O)O)c42)CCCCC3)c1,450.0
CHEMBL514666,COc1cccc(Cn2c3c(c4cccc(C(=O)O)c42)CCCC3)c1,550.0
CHEMBL452596,O=C(O)c1cccc2c3c(n(Cc4ccccc4)c12)CCCC3,590.0
CHEMBL514969,O=C(O)c1cccc2c3c(n(Cc4ccccc4)c12)CCCCC3,590.0
CHEMBL475549,COc1ccccc1Cn1c2c(c3cccc(C(=O)O)c31)CCCC2,600.0
CHEMBL460750,O=C(O)c1cccc2c3c(n(Cc4ccccc4C(F)(F)F)c12)CCCCC3,650.0
CHEMBL518180,O=C(O)c1cccc2c3c(n(Cc4ccccc4F)c12)CCCCC3,710.0
CHEMBL460749,O=C(O)c1cccc2c3c(n(Cc4cccc(F)c4)c12)CCCCC3,720.0
CHEMBL501361,CCCn1c2c(c3cccc(C(=O)O)c31)CCCC2,730.0
CHEMBL459901,O=C(O)c1ccc2c3c(n(Cc4ccccc4)c2c1)CCCC3,750.0
CHEMBL518181,O=C(O)c1cccc2c3c(n(Cc4ccc(F)cc4)c12)CCCCC3,780.0
CHEMBL515905,O=C(O)c1cccc2c3c(n(Cc4ccc(F)cc4)c12)CCCC3,830.0
CHEMBL459902,O=C(O)c1cccc2c3c(n(Cc4ccccc4)c12)CCC3,970.0
CHEMBL474943,O=C(O)c1cccc2c3c(n(Cc4cccc(C(F)(F)F)c4)c12)CCCCC3,1040.0
CHEMBL454404,Cc1ccc(Cn2c3c(c4cccc(C(=O)O)c42)CCCC3)cc1,1090.0
CHEMBL510638,O=C(O)c1cccc2c3c(n(Cc4cccc(C(F)(F)F)c4)c12)CCCC3,1660.0
CHEMBL508994,O=C(O)c1cccc2c3c(n(Cc4c(F)cccc4C(F)(F)F)c12)CCCC3,1810.0
CHEMBL514654,O=C(O)c1cccc2c3c(n(Cc4ccc(C(F)(F)F)cc4)c12)CCCCC3,2030.0
CHEMBL452160,O=C(O)c1cccc2c3c(n(Cc4ccc(C(F)(F)F)cc4)c12)CCCC3,2390.0
CHEMBL442621,COc1ccc(Cn2c3c(c4cccc(C(=O)O)c42)CCCC3)cc1,2680.0
CHEMBL475548,O=C(O)c1cccc2c3c(n(Cc4ccccc4)c12)CCC/C3=N/O,3500.0
CHEMBL515599,Cc1c(C)n(Cc2ccccc2)c2c(C(=O)O)cccc12,3600.0
CHEMBL474743,O=C(O)c1cccc2c3c(n(Cc4ccccc4F)c12)CCCC3,400.0
CHEMBL474744,O=C(O)c1cccc2c3c(n(Cc4cccc(F)c4)c12)CCCC3,400.0
CHEMBL474942,O=C(O)c1cccc2c3c(n(Cc4ccccc4C(F)(F)F)c12)CCCC3,400.0
CHEMBL474944,NC(=O)c1ccccc1Cn1c2c(c3cccc(C(=O)O)c31)CCCCC2,400.0
CHEMBL512386,O=C(O)c1ccc2c(c1)c1c(n2Cc2ccccc2)CCCC1,25000.0
CHEMBL475353,O=C1CCCc2c1c1cccc(C(=O)O)c1n2Cc1ccccc1,25000.0
CHEMBL472747,O=C(O)CC/C=C\c1nn(-c2ccccc2)c2c1CCC2,1100.0
CHEMBL1084821,c1cc(CSc2nc3ccccc3[nH]2)nc(CSc2nc3ccccc3[nH]2)c1,100000.0
CHEMBL1086224,O=C(O)CSCC(=O)Nc1ccc(F)c(Cl)c1,59500.0
CHEMBL1085797,O=C(O)CSCC(=O)NCc1ccccc1N1CCCCC1,56300.0
CHEMBL1085571,O=C(O)CSCC(=O)NCc1c(Cl)cccc1Oc1ccccc1,42200.0
CHEMBL1085570,O=C(O)CSCC(=O)Nc1cc(Cl)cc(Cl)c1,13500.0
CHEMBL1086457,COC(=O)c1cc(OC)c(OC)cc1NC(=O)CSCC(=O)O,100000.0
CHEMBL1085065,Cc1ccc(SC(CC(=O)c2ccc(C)cc2)C(=O)O)cc1,100000.0
CHEMBL1084578,O=[N+]([O-])c1ccc(S(=O)(=O)c2ccccc2)cc1OS(=O)(=O)c1cc(Cl)cc(Cl)c1,100000.0
CHEMBL1084579,O=c1[nH]nc(SCCS(=O)(=O)c2ccc(Cl)cc2Cl)n1-c1ccc2c(c1)OCCO2,100000.0
CHEMBL1084580,COc1ccc(-c2c(C(F)(F)F)nn(C)c2NC(=O)CSCC(=O)O)cc1,100000.0
CHEMBL267476,CCCCC/C=C\C/C=C\CCCCCCCC(=O)O,13600.0
CHEMBL8659,CCCCCCCC/C=C\CCCCCCCC(=O)O,26100.0
CHEMBL1782963,O=C(O)COc1cccc(-c2ccccc2-c2cc(-c3ccccc3)n(-c3ccccc3)n2)c1,987.0
CHEMBL247920,CCc1c(-c2ccccc2)c(-c2ccccc2)nn1-c1ccccc1-c1cccc(OCC(=O)O)c1,221.0
CHEMBL2334244,O=C(O)CCCOc1ccccc1-c1cc(-c2ccccc2)n(C2CCCCCC2)n1,15500.0
CHEMBL2334243,O=C(O)CCCOc1ccccc1-c1cc(-c2ccccc2)n(C2CCCCC2)n1,23500.0
CHEMBL2334262,O=C(O)CCCOc1ccccc1-c1cc(-c2ccccc2)n(C2CCCC2)n1,16600.0
CHEMBL2334261,O=C(O)CCCOc1ccccc1-c1cc(-c2ccccc2)n(-c2cccc(Cl)c2)n1,2500.0
CHEMBL2334259,O=C(O)CCCOc1ccccc1-c1cc(-c2ccccc2)n(-c2ccccc2Cl)n1,4270.0
CHEMBL2334258,COc1ccc(-n2nc(-c3ccccc3OCCCC(=O)O)cc2-c2ccccc2)cc1,13600.0
CHEMBL2334257,CC(C)c1ccc(-n2nc(-c3ccccc3OCCCC(=O)O)cc2-c2ccccc2)cc1,10300.0
CHEMBL2334256,O=C(O)CCCOc1ccccc1-c1cc(-c2ccccc2)n(-c2ccc(Cl)cc2)n1,4320.0
CHEMBL2334255,O=C(O)CCCOc1ccccc1-c1cc(-c2ccccc2)n(-c2ccc(Br)cc2)n1,5640.0
CHEMBL2334254,O=C(O)CCCOc1ccccc1-c1cc(-c2ccccc2)n(-c2ccc(F)cc2)n1,10200.0
CHEMBL2334253,O=C(O)CCCCOc1ccccc1-c1cc(-c2ccc(Br)cc2)n(-c2ccccc2)n1,86000.0
CHEMBL2331584,Cc1ccc(-c2cc(-c3ccccc3OCCCCC(=O)O)nn2-c2ccccc2)cc1,259000.0
CHEMBL2334252,O=C(O)CCCCOc1ccccc1-c1cc(-c2ccccc2)n(-c2ccccc2)n1,6390.0
CHEMBL2334251,O=C(O)CCCOc1ccccc1-c1cc(-c2ccccc2)n(-c2ccccc2)n1,3020.0
CHEMBL2334250,O=C(O)CCCOc1ccccc1-c1cc(-c2ccc(Br)cc2)n(-c2ccccc2)n1,9510.0
CHEMBL2334249,Cc1ccc(-c2cc(-c3ccccc3OCCCC(=O)O)nn2-c2ccccc2)cc1,5410.0
CHEMBL2334248,O=C(O)CCCCCCOc1ccccc1-c1cc(-c2ccc(Cl)cc2)n(-c2ccccc2)n1,31000.0
CHEMBL2334247,O=C(O)CCCCOc1ccccc1-c1cc(-c2ccc(Cl)cc2)n(-c2ccccc2)n1,74000.0
CHEMBL2334246,O=C(O)CCCOc1ccccc1-c1cc(-c2ccc(Cl)cc2)n(-c2ccccc2)n1,6130.0
CHEMBL2334245,O=C(O)COc1ccccc1-c1cc(-c2ccc(Cl)cc2)n(-c2ccccc2)n1,10000000.0
CHEMBL3400883,CC(C)c1cc(C(C)C)c(S(=O)(=O)n2ccnc2)c(C(C)C)c1,16800.0
CHEMBL3400885,Cc1nc2ccccc2n1S(=O)(=O)c1c(C(C)C)cc(C(C)C)cc1C(C)C,100000.0
CHEMBL3400889,Cc1nc2ccc(Br)cc2n1S(=O)(=O)c1c(C(C)C)cc(C(C)C)cc1C(C)C,82800.0
CHEMBL3400890,CC(C)c1cc(C(C)C)c(S(=O)(=O)n2cnc3ccc(Br)cc32)c(C(C)C)c1,14800.0
CHEMBL3400896,Cc1nc2cc(Cl)ccc2n1S(=O)(=O)c1c(C(C)C)cc(C(C)C)cc1C(C)C,14800.0
CHEMBL3400903,CC(C)c1cc(C(C)C)c(S(=O)(=O)n2cnc3ccc(N)cc32)c(C(C)C)c1,100000.0
CHEMBL3400904,CC(C)c1cc(C(C)C)c(S(N)(=O)=O)c(C(C)C)c1,100000.0
CHEMBL3400157,CC(C)c1cc(C(C)C)c(S(=O)(=O)O)c(C(C)C)c1,7900.0
CHEMBL3400905,CC(C)c1cc(C(C)C)c(C(=O)O)c(C(C)C)c1,4000.0
CHEMBL3931426,CN(C(=O)Nc1ccccc1-c1ccccc1)C1(C(=O)O)CC1,4260.0
CHEMBL3958926,O=C(Nc1cc(Cl)ccc1-c1ccccc1)NC1(C(=O)O)CCCC1,150.0
CHEMBL3967738,O=C(Nc1cc(Cl)ccc1-c1ccccc1)NC1(C(=O)O)CC1,140.0
CHEMBL3893057,O=C(Nc1cc(Cl)ccc1-c1ccccc1)NC1(C(=O)O)CCC1,810.0
CHEMBL3958454,O=C(Nc1cc(Cl)ccc1-c1ccc(F)cc1)NC1(C(=O)O)CC1,330.0
CHEMBL3930938,O=C(Nc1cc(Cl)ccc1-c1ccc(F)cc1)NC1(C(=O)O)CCCC1,140.0
CHEMBL3969505,O=C(Nc1cc(Cl)c(F)cc1-c1ccccc1)NC1(C(=O)O)CC1,60.0
CHEMBL3943391,O=C(Nc1ccc(Cl)cc1-c1ccccc1)NC1(C(=O)O)CC1,890.0
CHEMBL3944468,O=C(Nc1cc(Cl)c(F)cc1-c1ccccc1)NC1(C(=O)O)CCCC1,100.0
CHEMBL3916530,O=C(Nc1cc(Cl)cc(Cl)c1-c1ccccc1)NC1(C(=O)O)CC1,80.0
CHEMBL3953175,O=C(Nc1cc(Cl)cc(Cl)c1-c1ccccc1)NC1(C(=O)O)CCCC1,50.0
CHEMBL3922017,O=C(Nc1cc(C(F)(F)F)ccc1-c1ccccc1)NC1(C(=O)O)CCCC1,520.0
CHEMBL3968270,O=C(Nc1cc(C(F)(F)F)ccc1-c1ccccc1)NC1(C(=O)O)CC1,950.0
CHEMBL3938704,O=C(Nc1ccc(Cl)cc1-c1ccc(F)cc1)NC1(C(=O)O)CCCC1,750.0
CHEMBL3980900,O=C(Nc1ccc(Cl)cc1-c1ccc(F)cc1)NC1(C(=O)O)CC1,290.0
CHEMBL3914457,O=C(Nc1ccc(Cl)cc1-c1ccccc1)NC1(C(=O)O)CCCC1,1350.0
CHEMBL3972884,O=C(O)C1=C(C(=O)Nc2sccc2-c2ccccc2)CCC1,200.0
CHEMBL3964559,COC(=O)c1sc(NC(=O)C2=C(C(=O)O)C3CCC2CC3)c(-c2nc(C)cs2)c1C,6160.0
CHEMBL3975095,Cc1noc(-c2c(NC(=O)C3=C(C(=O)O)CCC3)sc(C)c2C2CC2)n1,70.0
CHEMBL3913234,Cc1sc(NC(=O)C2=C(C(=O)O)C3CCC2CC3)c(-c2nc(C(F)(F)F)no2)c1C1CC1,30.0
CHEMBL3979971,Cc1sc(NC(=O)C2=C(C(=O)O)CCCC2)c(-c2nc(C3CC3)no2)c1C,20.0
CHEMBL3918729,Cc1c(C2CC2)sc(NC(=O)C2=C(C(=O)O)CCC2)c1-c1nc(C2CC2)no1,10.0
CHEMBL3890665,Cc1c(C2CC2)sc(NC(=O)C2=C(C(=O)O)C3CCC2CC3)c1-c1nc(C2CC2)no1,210.0
CHEMBL3927654,Cc1noc(-c2c(NC(=O)C3=C(C(=O)O)CCCC3)sc(C)c2C2CC2)n1,310.0
CHEMBL3903176,Cc1noc(-c2c(NC(=O)C3=C(C(=O)O)C4CCC3CC4)sc(C)c2C2CC2)n1,140.0
CHEMBL3896498,Cc1sc(NC(=O)C2=C(C(=O)O)CCC2)c(-c2nc(C3CC3)no2)c1C1CC1,20.0
CHEMBL3967672,Cc1sc(NC(=O)C2=C(C(=O)O)C3CCC2CC3)c(-c2nc(C3CC3)no2)c1C1CC1,20.0
CHEMBL3891355,Cc1sc(NC(=O)C2=C(C(=O)O)C3CCC2CC3)c(-c2nc(C3CC3)no2)c1C,40.0
CHEMBL3919426,Cc1sc(NC(=O)C2=C(C(=O)O)CCC2)c(-c2nc(C3CC3)no2)c1C,10.0
CHEMBL3943278,Cc1nsc(-c2c(NC(=O)C3=C(C(=O)O)C4CCC3CC4)sc(C)c2C)n1,44.0
CHEMBL3915309,Cc1sc(NC(=O)C2=C(C(=O)O)CCC2)c(-c2nc(C3CC3)ns2)c1C,11.0
CHEMBL3952008,Cc1sc(NC(=O)C2=C(C(=O)O)CCCC2)c(-c2nc(C3CC3)ns2)c1C,85.0
CHEMBL3920801,Cc1sc(NC(=O)C2=C(C(=O)O)C3CCC2CC3)c(-c2nc(C3CC3)ns2)c1C,27.0
CHEMBL3957282,Cc1nsc(-c2c(NC(=O)C3=C(C(=O)O)CCC3)sc(C3CC3)c2C)n1,22.0
CHEMBL3929717,Cc1nsc(-c2c(NC(=O)C3=C(C(=O)O)CCCC3)sc(C3CC3)c2C)n1,31.0
CHEMBL3938613,Cc1nsc(-c2c(NC(=O)C3=C(C(=O)O)C4CCC3CC4)sc(C3CC3)c2C)n1,29.0
CHEMBL3914116,Cc1c(C2CC2)sc(NC(=O)C2=C(C(=O)O)CCC2)c1-c1nc(C2CC2)ns1,13.0
CHEMBL3950827,Cc1nsc(-c2c(NC(=O)C3=C(C(=O)O)CCC3)sc(C)c2C)n1,25.0
CHEMBL3923099,Cc1c(C2CC2)sc(NC(=O)C2=C(C(=O)O)C3CCC2CC3)c1-c1nc(C2CC2)ns1,13.0
CHEMBL3986878,Cc1nsc(-c2c(NC(=O)C3=C(C(=O)O)CCCC3)sc(C)c2C)n1,23.0
CHEMBL3920664,Cc1c(C2CC2)sc(NC(=O)C2=C(C(=O)O)CCCC2)c1-c1nc(C2CC2)ns1,19.0
CHEMBL3896829,Cc1sc(NC(=O)C2=C(C(=O)O)CCC2)c(-c2nc(C(F)(F)F)no2)c1C1CC1,10.0
CHEMBL3928329,Cc1cc(-c2nc(C3CC3)no2)c(NC(=O)C2=C(C(=O)O)CCC2)s1,20.0
CHEMBL3905766,O=C(O)C1=C(C(=O)Nc2sccc2-c2nc(C3CC3)no2)CCC1,10.0
CHEMBL3933786,Cc1c(C2COC2)sc(NC(=O)C2=C(C(=O)O)CCC2)c1-c1nc(C2CC2)no1,90.0
CHEMBL3890150,Cc1c(C2COC2)sc(NC(=O)C2=C(C(=O)O)CCCC2)c1-c1nc(C2CC2)no1,105.0
CHEMBL3914622,Cc1sc(NC(=O)C2=C(C(=O)O)CCC2)c(-c2nc(C3CC3)no2)c1C(F)(F)F,20.0
CHEMBL3899095,CCOC(=O)c1sc(NC(=O)C2=C(C(=O)O)CCC2)c(-c2nc(C3CC3)no2)c1C,250.0
CHEMBL3927133,Cc1c(C(=O)N(C)C)sc(NC(=O)C2=C(C(=O)O)CCC2)c1-c1nc(C2CC2)no1,3325.9
CHEMBL3981828,O=C(O)C1=C(C(=O)Nc2sc(C3CC3)cc2-c2nc(C3CC3)no2)CCC1,40.8
CHEMBL3903803,O=C(O)C1=C(C(=O)Nc2scc(C3CC3)c2-c2nc(C3CC3)no2)CCC1,19.2
CHEMBL3964149,Cc1csc(NC(=O)C2=C(C(=O)O)CCC2)c1-c1nc(C2CC2)no1,15.0
CHEMBL3973942,O=C(O)C1=C(C(=O)Nc2sc(CC(F)(F)F)cc2-c2nc(C3CC3)no2)CCC1,247.6
CHEMBL3897486,O=C(O)C1=C(C(=O)Nc2scc(C(F)(F)F)c2-c2nc(C3CC3)no2)CCC1,20.5
CHEMBL3962973,Cc1c(-c2nsc(N(C)C)n2)sc(NC(=O)C2=C(C(=O)O)CCC2)c1-c1nc(C2CC2)no1,58.1
CHEMBL3986323,Cc1sc(NC(=O)C2CCCCC2C(=O)O)c(-c2nc(C3CC3)no2)c1C,345.0
CHEMBL3919746,Cc1sc(NC(=O)C2=C(C(=O)O)COCC2)c(-c2nc(C3CC3)no2)c1C,107.0
CHEMBL4113722,Cc1sc(NC(=O)N2CCC[C@@H]2C(=O)O)c(-c2nc(C(F)(F)F)no2)c1C,217.0
CHEMBL4280900,CCc1c(-c2ccccc2)c(-c2ccccc2)nn1-c1ccccc1-c1ccccc1OCC(=O)O,2820.0
CHEMBL3959018,Clc1ccc2nc(N3CCCCC3)c(-c3nnn[nH]3)c(-c3ccccc3)c2c1,710.0
CHEMBL4285684,COc1ccc(S(=O)(=O)Nc2cccc(C(=O)O)c2)c2ccccc12,3220.0
CHEMBL4283424,COc1ccc(S(=O)(=O)Nc2ccc(F)c(C(=O)O)c2)c2ccccc12,1690.0
CHEMBL4295114,COc1ccc(S(=O)(=O)Nc2cc(C(=O)O)ccc2F)c2ccccc12,1650.0
CHEMBL4280127,COc1ccc(S(=O)(=O)Nc2cc(C(=O)O)c(F)cc2F)c2ccccc12,1840.0
CHEMBL4467296,CCOc1ccc(S(=O)(=O)Nc2ccc(F)c(C(=O)O)c2)c2ccccc12,2640.0
CHEMBL4466698,CCCCCOc1ccc(S(=O)(=O)Nc2ccc(F)c(C(=O)O)c2)c2ccccc12,2990.0
CHEMBL4456903,CCCCCCOc1ccc(S(=O)(=O)Nc2ccc(F)c(C(=O)O)c2)c2ccccc12,2430.0
CHEMBL4456077,CCCCCCCOc1ccc(S(=O)(=O)Nc2ccc(F)c(C(=O)O)c2)c2ccccc12,2300.0
CHEMBL4464530,CCCCCCCCOc1ccc(S(=O)(=O)Nc2ccc(F)c(C(=O)O)c2)c2ccccc12,4040.0
CHEMBL4550556,CCCCCCCCCCOc1ccc(S(=O)(=O)Nc2ccc(F)c(C(=O)O)c2)c2ccccc12,4730.0
CHEMBL4551681,CCCCCCCCCCCCOc1ccc(S(=O)(=O)Nc2ccc(F)c(C(=O)O)c2)c2ccccc12,24830.0
CHEMBL4472044,O=C(O)c1cc(NS(=O)(=O)c2ccc(OC3CCCCC3)c3ccccc23)ccc1F,2200.0
CHEMBL4457434,O=C(O)c1cc(NS(=O)(=O)c2ccc(OC3CCCCCC3)c3ccccc23)ccc1F,2370.0
CHEMBL4591848,O=C(O)c1cc(NS(=O)(=O)c2ccc(OCC3CCCCC3)c3ccccc23)ccc1F,2410.0
CHEMBL4444624,O=C(O)c1cc(NS(=O)(=O)c2ccc(OCCC3CCCCC3)c3ccccc23)ccc1F,1970.0
CHEMBL4449070,O=C(O)c1cc(NS(=O)(=O)c2ccc(OCCCC3CCCCC3)c3ccccc23)ccc1F,3590.0
CHEMBL4461519,O=C(O)c1cc(NS(=O)(=O)c2ccc(OCC34CC5CC(CC(C5)C3)C4)c3ccccc23)ccc1F,14780.0
CHEMBL4554177,O=C(O)c1cc(NS(=O)(=O)c2ccc(OCc3ccccc3)c3ccccc23)ccc1F,3150.0
CHEMBL4560388,Cc1c(Cl)cccc1OCc1cc(=O)n2nc(-c3ccccc3)nc2[nH]1,6340.0
CHEMBL4555281,COc1c(-c2ccccc2)cc(S(=O)(=O)Nc2ccc(F)c(C(=O)O)c2)c2ccccc12,1190.0
CHEMBL4564554,COc1c(-c2ccncc2)cc(S(=O)(=O)Nc2ccc(F)c(C(=O)O)c2)c2ccccc12,3540.0
CHEMBL4548608,COc1c(-c2ccoc2)cc(S(=O)(=O)Nc2ccc(F)c(C(=O)O)c2)c2ccccc12,3530.0
CHEMBL4531350,COc1c(-c2ccc(F)cc2)cc(S(=O)(=O)Nc2ccc(F)c(C(=O)O)c2)c2ccccc12,1740.0
CHEMBL4435365,COc1c(-c2ccc(F)c(F)c2)cc(S(=O)(=O)Nc2ccc(F)c(C(=O)O)c2)c2ccccc12,2980.0
CHEMBL4515058,COc1c(-c2ccc(F)c(Cl)c2)cc(S(=O)(=O)Nc2ccc(F)c(C(=O)O)c2)c2ccccc12,1580.0
CHEMBL4550496,COc1c(-c2ccc(Cl)c(Cl)c2)cc(S(=O)(=O)Nc2ccc(F)c(C(=O)O)c2)c2ccccc12,4380.0
CHEMBL4435126,COc1c(-c2cccc(N)c2)cc(S(=O)(=O)Nc2ccc(F)c(C(=O)O)c2)c2ccccc12,1700.0
CHEMBL4444349,COc1c(-c2cccc(O)c2)cc(S(=O)(=O)Nc2ccc(F)c(C(=O)O)c2)c2ccccc12,1890.0
CHEMBL4461628,COc1c(-c2ccc(O)cc2)cc(S(=O)(=O)Nc2ccc(F)c(C(=O)O)c2)c2ccccc12,1190.0
CHEMBL4872622,O=C(O)c1cc(NS(=O)(=O)c2ccc(-c3ccccc3)c3ccccc23)ccc1F,4840.0
CHEMBL4862886,O=C(O)c1cc(NS(=O)(=O)c2ccc(-c3ccc(F)cc3)c3ccccc23)ccc1F,7680.0
CHEMBL4862891,O=C(O)c1cc(NS(=O)(=O)c2ccc(-c3ccc(O)cc3)c3ccccc23)ccc1F,8240.0
CHEMBL4847218,O=C(O)c1cc(NS(=O)(=O)c2ccc(-c3ccccc3OC(F)(F)F)c3ccccc23)ccc1F,12530.0
CHEMBL4874025,CC(C)c1ccccc1-c1ccc(S(=O)(=O)Nc2ccc(F)c(C(=O)O)c2)c2ccccc12,11910.0
CHEMBL4851660,O=C(O)c1cc(NS(=O)(=O)c2ccc(-c3ccc(F)cc3Cl)c3ccccc23)ccc1F,4680.0
CHEMBL4870632,O=C(O)c1cc(NS(=O)(=O)c2ccc(-c3ccc(F)cc3F)c3ccccc23)ccc1F,4700.0
CHEMBL4858800,Cc1cc(F)ccc1-c1ccc(S(=O)(=O)Nc2ccc(F)c(C(=O)O)c2)c2ccccc12,5000.0
CHEMBL4868426,O=C(O)c1cc(NS(=O)(=O)c2ccc(-c3ccc(F)c(Cl)c3)c3ccccc23)ccc1F,7840.0
CHEMBL4866912,Cc1c(Cl)cccc1OCc1[nH]c2nc(-c3ccccc3)nn2c(=O)c1C,6340.0
CHEMBL4864312,COc1c(-c2ccc(F)cc2C)cc(S(=O)(=O)Nc2ccc(F)c(CC(=O)O)c2)c2ccccc12,3780.0
CHEMBL4876209,COc1c(-c2ccc(F)cc2)cc(S(=O)(=O)Nc2ccc(F)c(CC(=O)O)c2)c2ccccc12,4710.0
CHEMBL4861012,COc1c(-c2ccccc2F)cc(S(=O)(=O)Nc2ccc(F)c(CC(=O)O)c2)c2ccccc12,5250.0
CHEMBL4862008,COc1c(-c2ccccc2Cl)cc(S(=O)(=O)Nc2ccc(F)c(CC(=O)O)c2)c2ccccc12,8020.0
CHEMBL4874533,COc1c(-c2ccccc2C)cc(S(=O)(=O)Nc2ccc(F)c(CC(=O)O)c2)c2ccccc12,5160.0
CHEMBL4877441,CCc1ccccc1-c1cc(S(=O)(=O)Nc2ccc(F)c(CC(=O)O)c2)c2ccccc2c1OC,14280.0
CHEMBL4877427,COc1c(-c2ccccc2O)cc(S(=O)(=O)Nc2ccc(F)c(CC(=O)O)c2)c2ccccc12,8030.0
CHEMBL4866844,COc1c(-c2ccc(F)cc2F)cc(S(=O)(=O)Nc2ccc(F)c(CC(=O)O)c2)c2ccccc12,3140.0
CHEMBL4875830,COc1c(-c2ccc(F)cc2Cl)cc(S(=O)(=O)Nc2ccc(F)c(CC(=O)O)c2)c2ccccc12,4770.0
CHEMBL4869915,COc1c(-c2ccc(F)c(Cl)c2)cc(S(=O)(=O)Nc2ccc(F)c(CC(=O)O)c2)c2ccccc12,5000.0
CHEMBL4874838,COc1c(-c2cccc(Cl)c2F)cc(S(=O)(=O)Nc2ccc(F)c(CC(=O)O)c2)c2ccccc12,6450.0
CHEMBL4851742,COc1c(-c2ccc(F)cc2C)cc(S(=O)(=O)Nc2ccc(F)c(C(=O)O)c2)c2ccccc12,2630.0
CHEMBL5173550,CC(C)OC(=O)C(C(=O)C(F)(F)F)c1cc(NS(=O)(=O)c2ccccc2)ccc1O,3500.0
CHEMBL5173445,COc1cc(Br)c(C(C)(C)C)cc1S(=O)(=O)Nc1ccccc1C(=O)O,1500.0
CHEMBL5185913,O=C(O)c1cccc(NS(=O)(=O)c2ccc(Br)c3ccccc23)c1,5500.0
CHEMBL15594,CCCCC/C=C\C/C=C\C/C=C\C/C=C\CCCC(=O)O,2750.0
CHEMBL5173074,O=C(O)Cc1cn(-c2ccccc2-c2nc(-c3ccccc3)c(-c3ccccc3)s2)nn1,5590.0
CHEMBL5177728,O=C(O)Cc1cn(-c2ccccc2-c2nc(-c3ccc4ccccc4c3)c(-c3ccccc3)s2)nn1,3700.0
CHEMBL5183791,O=C(O)Cc1cn(-c2ccccc2-c2nc(-c3ccc(Cl)cc3)c(-c3ccccc3)s2)nn1,4310.0
CHEMBL5175918,C=CCn1c(=O)[nH]c(=O)c2[nH]c(-c3ccc(OCCNC(=O)c4ccccc4)cc3)cc21,2230.0
CHEMBL23832,O=C(O)c1ccccc1Nc1ccccc1,51000.0
CHEMBL4632369,O=C(O)c1ccccc1Nc1cccc(Cl)c1-c1ccc2c(c1)CCO2,37.0
CHEMBL5272538,CCc1c(-c2ccccc2)c(-c2ccccc2)nn1-c1ccccc1-c1cccc(OC(C)C(=O)O)c1,2350.0
CHEMBL5282448,CCc1c(-c2ccccc2)c(-c2ccccc2)nn1-c1ccccc1-c1cccc(OC(CC)C(=O)O)c1,2910.0
CHEMBL5285216,CCc1c(-c2ccccc2)c(-c2ccc(F)cc2)nn1-c1ccccc1-c1cccc(OCC(=O)O)c1,330.0
CHEMBL5279837,CCc1c(-c2ccc(F)cc2)c(-c2ccccc2)nn1-c1ccccc1-c1cccc(OCC(=O)O)c1,4970.0
CHEMBL5279204,O=C(O)c1c(C2CC2)nc2ccc(Cl)cc2c1-c1ccccc1,42.0
CHEMBL5266709,CCN(C)c1nc2c(Cl)cc(Cl)cc2c(-c2ccccc2)c1C(=O)O,36.0
CHEMBL5266531,CCN(C)c1nc2ccc(Cl)cc2c(-c2ccccc2)c1-c1nnn[nH]1,45.0
CHEMBL3970105,S=c1[nH]nc(-c2c(N3CCCCC3)nc3ccc(Cl)cc3c2-c2ccccc2)o1,42.0
CHEMBL5272220,FC(F)(F)c1ccc2nc(N3CCCCC3)c(-c3nnn[nH]3)c(-c3ccccc3)c2c1,33.0
CHEMBL5287141,CCN(CC)c1nc2ccc(C(F)(F)F)cc2c(-c2ccccc2)c1-c1nnn[nH]1,25.0
CHEMBL5274115,CCC(CC)c1nc2cc(F)c(Cl)cc2c(-c2ccccc2)c1-c1nnn[nH]1,17.0
CHEMBL5268623,Fc1cc2nc(N3CCCCC3)c(-c3nnn[nH]3)c(-c3ccccc3)c2cc1Cl,13.0
CHEMBL5268944,CCN(CC)c1nc2cc(F)c(Cl)cc2c(-c2ccccc2)c1-c1nnn[nH]1,13.0
CHEMBL5278606,NC(=O)Cc1cn(S(=O)(=O)c2ccsc2C(=O)O)c2ccccc12,32000.0
CHEMBL5283718,NC(=O)Cc1cn(S(=O)(=O)c2ccccc2C(=O)O)c2ccccc12,100000.0
CHEMBL5287082,Cc1cc(-c2c3c(nc(C4(CO)CCCC4)c2-c2nnn[nH]2)CCCCC3)ccn1,20.0
CHEMBL5278217,CCCCCC1CCc2nc(C3(COC)CCCC3)c(-c3nnn[nH]3)c(-c3ccccc3)c2C1,20.0
CHEMBL5279662,c1cc(-c2c3c(nc(C4CCCCC4)c2-c2nnn[nH]2)CCCCC3)ccn1,110.0
CHEMBL5270510,Cc1cc(-c2c3c(nc(C4CCCCC4)c2-c2nnn[nH]2)CCC(C(F)(F)F)C3)ccn1,1290.0
CHEMBL5278127,Cc1cc(-c2c3c(nc(C4CCCC4)c2-c2nnn[nH]2)CCC(C)C3)ccn1,10.0
CHEMBL5281007,Cc1cc(-c2c3c(nc(C4(C)CCCC4)c2-c2nnn[nH]2)CCCCC3)ccn1,10.0
CHEMBL5282728,O=c1c(Cl)c(COc2cccc(Cl)c2C2CC2)[nH]c2nc(-c3ccccc3)nn12,4300.0
CHEMBL5282255,COc1cccc(Cl)c1NCc1cc(=O)n2nc(-c3ccccc3)nc2[nH]1,25000.0
CHEMBL5420532,O=C(O)Cc1ccc(-c2ccc(OCc3c(-c4c(Cl)cccc4Cl)noc3C3CC3)cc2)cc1,5600.0
CHEMBL5396467,O=C(O)C1(c2cccc(-c3ccc(OCc4c(-c5c(Cl)cccc5Cl)noc4C4CC4)cc3)c2)CC1,6300.0
